{"Price Rankings": {"Common": "\u00a30.50", "Reverse Holo. Common": "\u00a31.00", "Uncommon": "\u00a30.75", "Reverse Holo. Uncommon": "\u00a31.25", "Rare": "\u00a31.50", "Reverse Holo. Rare": "\u00a32.00", "Holographic Rare": "\u00a32.25", "Energy": "\u00a30.20", "TCGO Code": "\u00a31.50", "Packs": "\u00a34.00", "Other": null}, "Rarities": ["Common", "Reverse Holo. Common", "Uncommon", "Reverse Holo. Uncommon", "Rare", "Reverse Holo. Rare", "Holographic Rare", "Super Rare", "Hyper Rare", "Secret Rare", "Other"], "Sets": {"Wizards": {"Base Set": 102, "Jungle": 64, "Fossil": 62, "Base Set 2": 130, "Team Rocket": 83, "Lengendary Collection": 110, "Gym Heroes": 132, "Gym Challenge": 132, "Neo Genesis": 111, "Neo Discovery": 75, "Neo Revelation": 66, "Neo Destiny": 113, "Expedition": 165, "Aquapolis": 182, "Skyridge": 144, "Pokemon VS": 142}, "EX": {"Ruby & Sapphire": 109, "Sandstorm": 100, "Dragon": 100, "Team Magma vs Team Aqua": 97, "Hidden Legends": 102, "FireRed & LeafGreen": 116, "Team Rocket Returns": 111, "Deoxys": 108, "Emerald": 107, "Unseen Forces": 145, "Delta Species": 114, "Legend Maker": 93, "Holon Phantoms": 111, "Crystal Guardians": 100, "Dragon Frontiers": 101, "Power Keepers": 108}, "Diamond and Pearl": {"Diamond & Pearl": 130, "Mysterious Treasures": 124, "Secret Wonders": 132, "Great Encounters": 106, "Majectic Dawn": 100, "Legends Awakened": 146, "Stormfront": 106}, "Platinum": {"Platinum": 153, "Rising Rivals": 120, "Supreme Victors": 153, "Arceus": 111}, "HeartGold SoulSilver": {"HeartGold & SoulSilver": 124, "Unleashed": 96, "Undaunted": 91, "Triumphant": 103}, "Call of Legends": {"Call of Legend": 106}, "Black and White": {"Black & White": 115, "Emerging Powers": 98, "Noble Victories": 102, "Next Destinies": 103, "Dark Explorers": 111, "Dragons Exalted": 128, "Dragon Vault": 21, "Boundaries Crossed": 153, "Plasma Storm": 138, "Plasma Freeze": 122, "Plasma Blast": 105, "Legendary Treasures": 140}, "XY": {"XY": 146, "Flashfire": 109, "Furious Fists": 113, "Phantom Forces": 122, "Primal Clash": 164, "Roaring Skies": 110, "Double Crisis": 34, "Ancient Origins": 100, "BREAKthrough": 164, "BREAKpoint": 123, "Generation": 115, "Fates Collide": 125, "Steam Siege": 116, "Evolutions": 113}, "Sun and Moon": {"Sun & Moon": 163, "Guardians Rising": 169, "Burning Shadows": 169}}, "Item Types": ["Card", "TCGO Code", "Pack"], "Stock": [{"Name": "Absol", "Rarity": "Common", "Price Ranking": "Common", "Price": "\u00a30.50", "Quantity": 1, "Type": "Card", "Set": "Gym Challenge", "Number": 0}, {"Name": "Bulbasaur", "Rarity": "Common", "Price Ranking": "Common", "Price": "\u00a30.50", "Quantity": 1, "Type": "Card", "Set": "Base Set", "Number": 0}, {"Name": "Bellsprout", "Rarity": "Common", "Price Ranking": "Common", "Price": "\u00a31.50", "Quantity": 2, "Type": "Card", "Set": "Guardians Rising", "Number": 0}, {"Name": "Burning Shadows Pack", "Rarity": "Other", "Price Ranking": "Packs", "Price": "\u00a34.00", "Quantity": 3, "Type": "Pack", "Set": "Burning Shadows", "Number": 0}]}